{"_wandb":{"runtime":18750},"_runtime":18750.125832131,"_step":999,"dynamic_train_loss":0.0012143330428458284,"_timestamp":1.7476937678228264e+09}