{"_step":999,"dynamic_train_loss":0.0039939615577459335,"_wandb":{"runtime":428},"_timestamp":1.7476531671156383e+09,"_runtime":428.07908222}