{"dynamic_train_loss":0.0011633951805182733,"_timestamp":1.7479148453461528e+09,"_runtime":19771.029510176,"_step":999,"_wandb":{"runtime":19771}}