{"dynamic_train_loss":0.00033325151068274865,"_timestamp":1.747781212312571e+09,"_runtime":19648.842092966,"_step":999,"_wandb":{"runtime":19649}}