{"dynamic_train_loss":0.000982347288246577,"_timestamp":1.7476744006685102e+09,"_runtime":5958.581778434,"_step":999,"_wandb":{"runtime":5959}}