{"_timestamp":1.7473170223727584e+09,"_runtime":3637.834150659,"_step":999,"_wandb":{"runtime":3638},"dynamic_train_loss":0.0004427668595104478}