{"_runtime":85.562890755,"_step":999,"_wandb":{"runtime":85},"train_loss":2.4231173313182808e-05,"_timestamp":1.7472884598127303e+09}