{"_step":0,"_wandb":{"runtime":58},"dynamic_train_loss":0.006538697135192342,"_timestamp":1.7473092419135602e+09,"_runtime":41.728856549}