{"_wandb":{"runtime":3944},"dynamic_train_loss":0.0010922482988797127,"_timestamp":1.7476624397104514e+09,"_runtime":3943.255572175,"_step":999}