{"_timestamp":1.7473132550537648e+09,"_runtime":382.927718437,"_step":999,"_wandb":{"runtime":383},"dynamic_train_loss":6.29061725048814e-05}